<?xml version="1.0" encoding="x-windows-949"?>
<!--  This file conforms to the DTD xdc/bld/release.dtd -->
<release name="bbbAM335x_drone" label="default" date="1600327948781" buildCount="5" producerId="undefined">
<package name="bbbAM335x_drone"
    version=""/>
<imports>
</imports>
<references>
    <package name="xdc"
        version="1, 1, 1, 1587160501449"
        providerId="C:/ti/ccs1010/xdctools_3_61_02_27_core/packages">
        <file name="IPackage.xdc"/>
        <file name="IPackage.xs"/>
        <file name="Warnings.xs"/>
        <file name="om2.xs"/>
        <file name="package.xs"/>
        <file name="template.xs"/>
        <file name="utils.js"/>
        <file name="xdc.tci"/>
        <file name="xmlgen.xs"/>
        <file name="xmlgen2.xs"/>
    </package>
    <package name="xdc.services.global"
        version="1, 0, 0, 1587160547577"
        providerId="C:/ti/ccs1010/xdctools_3_61_02_27_core/packages">
        <file name="Clock.xs"/>
        <file name="Trace.xs"/>
        <file name="java\package.jar"/>
    </package>
    <package name="xdc.bld"
        version="1, 0, 2, 1587160506007"
        providerId="C:/ti/ccs1010/xdctools_3_61_02_27_core/packages">
        <file name="BuildEnvironment.xs"/>
        <file name="Configuration.xs"/>
        <file name="Executable.xs"/>
        <file name="ITarget.xs"/>
        <file name="ITarget2.xs"/>
        <file name="ITarget3.xs"/>
        <file name="ITargetFilter.xs"/>
        <file name="Library.xs"/>
        <file name="Manifest.xs"/>
        <file name="PackageContents.xs"/>
        <file name="Repository.xs"/>
        <file name="Script.xs"/>
        <file name="Utils.xs"/>
        <file name="_gen.xs"/>
        <file name="bld.js"/>
        <file name="package.xs"/>
    </package>
    <package name="xdc.platform"
        version="1, 0, 1, 1587160518238"
        providerId="C:/ti/ccs1010/xdctools_3_61_02_27_core/packages">
        <file name="ICpuDataSheet.xdc"/>
        <file name="IExeContext.xdc"/>
        <file name="IPeripheral.xdc"/>
        <file name="IPlatform.xdc"/>
    </package>
    <package name="ti.platforms.generic"
        version="1, 0, 0, 1, 1562626915782"
        providerId="C:/ti/bios_6_76_03_01/packages">
        <file name="Platform.xdc"/>
    </package>
    <package name="xdc.shelf"
        version="1, 0, 0, 1587160591196"
        providerId="C:/ti/ccs1010/xdctools_3_61_02_27_core/packages">
        <file name="java\antlr.jar"/>
        <file name="java\ecj.jar"/>
        <file name="java\js.jar"/>
        <file name="java\tar.jar"/>
    </package>
    <package name="xdc.services.intern.xsr"
        version="1, 0, 0, 1587160564758"
        providerId="C:/ti/ccs1010/xdctools_3_61_02_27_core/packages">
        <file name="java\package.jar"/>
    </package>
    <package name="xdc.services.spec"
        version="1, 0, 0, 1587160575107"
        providerId="C:/ti/ccs1010/xdctools_3_61_02_27_core/packages">
        <file name="java\package.jar"/>
    </package>
    <package name="xdc.services.intern.cmd"
        version="1, 0, 0, 1587160559985"
        providerId="C:/ti/ccs1010/xdctools_3_61_02_27_core/packages">
        <file name="java\package.jar"/>
    </package>
    <package name="xdc.services.intern.gen"
        version="1, 0, 0, 1587160562719"
        providerId="C:/ti/ccs1010/xdctools_3_61_02_27_core/packages">
        <file name="java\package.jar"/>
    </package>
    <xdcRoot base="C:/ti/ccs1010/xdctools_3_61_02_27_core/">
        <file name="/packages/xdc/package.xdc"/>
        <xdcCorePkg version="16, 0, 2, 1587160516307" producerId="/db/ztree/library/trees/xdc/xdc-I11/src/packages" buildCount="1" releaseName="xdc_corevers" label="default" date="1587160516307"/>
    </xdcRoot>
</references>
<orphans>
</orphans>
</release>
